{"_wandb": {"runtime": 16}, "value_loss": 1.4155991752942403, "_timestamp": 1742157522.398612, "policy_loss": -0.029974977015323628, "dist_entropy": 1.6043054819107057, "actor_grad_norm": 0.5141602754592896, "critic_grad_norm": 31.423648834228516, "ratio": 1.0137484073638916, "average_episode_rewards": -92.78713464736938, "agent0/individual_rewards": -1.0739659487378521, "agent0/time_to_goal": 2.5, "agent0/min_time_to_goal": 0.43631014579693594, "agent0/dist_to_goal": 0.9504454893150767, "agent0/num_agent_collisions": 0.0, "agent0/num_obstacle_collisions": 0.0, "agent1/individual_rewards": -1.0739659487378521, "agent1/time_to_goal": 2.5, "agent1/min_time_to_goal": 0.39774368030810175, "agent1/dist_to_goal": 1.332164288263372, "agent1/num_agent_collisions": 0.0, "agent1/num_obstacle_collisions": 0.0, "agent2/individual_rewards": -1.0739659487378521, "agent2/time_to_goal": 2.5, "agent2/min_time_to_goal": 0.8193484689955477, "agent2/dist_to_goal": 2.0839960541806786, "agent2/num_agent_collisions": 0.0, "agent2/num_obstacle_collisions": 0.0, "agent3/individual_rewards": -1.0739659487378521, "agent3/time_to_goal": 2.5, "agent3/min_time_to_goal": 0.6055190585579777, "agent3/dist_to_goal": 2.3313690101679088, "agent3/num_agent_collisions": 0.0, "agent3/num_obstacle_collisions": 0.0, "_runtime": 15.415694952011108, "_step": 50}