{"_wandb": {"runtime": 10}, "value_loss": 0.8194501757621765, "_timestamp": 1742156018.977819, "policy_loss": -0.02330553580140986, "dist_entropy": 1.605725065867106, "_runtime": 5.479587078094482, "_step": 50}